{
  "name": "plan-masse",
  "stats": {
    "point_count": 54,
    "bounds": {
      "min_x": 1002.546628112739,
      "max_x": 1065.781126125433,
      "min_y": 2970.702677192787,
      "max_y": 3033.818871244433,
      "min_z": 90.7,
      "max_z": 104.4
    },
    "mean_slope": 21.34361328704838,
    "max_slope": 78.52199972461584,
    "surface_area": 2150.2177024790426,
    "volume": 16344.05520951698,
    "slopes": {
      "34": 13.210556595986416,
      "32": 21.484793667872896,
      "37": 14.400705196231224,
      "35": 12.940456820813832,
      "33": 15.17127612629932,
      "30": 20.067346135712594,
      "31": 26.829255161181074,
      "39": 9.817728096017984,
      "40": 31.871441441943976,
      "19": 24.271577590099763,
      "21": 18.687137662680737,
      "52": 17.315182453023905,
      "51": 7.761621166938103,
      "50": 13.257561727205522,
      "54": 1.4245140941598102,
      "53": 27.64059871591336,
      "4": 7.311911071556028,
      "48": 11.615183266227035,
      "2": 12.559060762831075,
      "5": 13.264155108422074,
      "44": 32.403188781091934,
      "41": 14.896405587285605,
      "43": 35.248173049068825,
      "49": 6.254210465914902,
      "46": 13.90044422854775,
      "42": 12.158882194927175,
      "36": 20.591028977811504,
      "27": 18.857550282301787,
      "16": 23.731931220319343,
      "1": 14.524680519408918,
      "28": 18.331007673825976,
      "20": 23.865528758877982,
      "18": 29.346444140319846,
      "3": 19.10075533386985,
      "6": 19.22115254259574,
      "14": 18.800797624255573,
      "45": 9.453898188688337,
      "47": 24.740180639599913,
      "38": 10.722009043324794,
      "29": 21.03735804487182,
      "26": 18.89914756462607,
      "17": 29.35062906962276,
      "7": 21.543661502621415,
      "12": 18.970919871698502,
      "25": 19.38446070067064,
      "15": 20.355380280792,
      "10": 30.063770118869602,
      "11": 26.703928896899022,
      "23": 17.938619395128708,
      "9": 24.662415362991915,
      "22": 22.144586790386164,
      "24": 15.714580233406496,
      "8": 29.939161213084102,
      "13": 19.585790407512302
    }
  },
  "created_at": "2025-03-14T17:01:04.063245"
}